Model;ACC;AUC;PRECISION_ALL;RECALL_ALL;F1_ALL;PRECISION_1;RECALL_1;F1_1;MAE
LogisticRegression;0.9009227780475959;0.22887588943623438;0.8833160474215987;0.9009227780475959;0.8799743973497297;0.6637426900584795;0.24461206896551724;0.35748031496062993;0.09907722195240408
DecisionTreeClassifier;0.8449490043710539;0.23258757525998908;0.8461838537076966;0.8449490043710539;0.8455623771776803;0.31534391534391537;0.32112068965517243;0.3182060864922584;0.1550509956289461
RandomForestClassifier;0.8936376881981545;0.2582957033388069;0.8740988285579596;0.8936376881981545;0.8783905914886534;0.553941908713693;0.28771551724137934;0.37872340425531914;0.10636231180184555
SVC;0.8984944147644488;0.20732416529830333;0.8789194606608567;0.8984944147644488;0.8759099701877009;0.6428571428571429;0.22306034482758622;0.3312;0.10150558523555124
KNeighborsClassifier;0.8916949975716367;0.24669882320744385;0.8711591452627071;0.8916949975716367;0.8759805741799573;0.5376569037656904;0.2769396551724138;0.3655761024182077;0.10830500242836329
XGBClassifier;0.9022583778533269;0.2322625889436234;0.8858458934890001;0.9022583778533269;0.8812181765547017;0.6835820895522388;0.24676724137931033;0.3626286619160728;0.09774162214667315
