Model;ACC;AUC;PRECISION_ALL;RECALL_ALL;F1_ALL;PRECISION_1;RECALL_1;F1_1;MAE
LogisticRegression;0.8311073336571151;0.469109195402299;0.8789401423392995;0.8311073336571151;0.8493942519833898;0.354858934169279;0.6099137931034483;0.44867221561632975;0.16889266634288488
DecisionTreeClassifier;0.80560951918407;0.34535782703886153;0.8580717058776971;0.80560951918407;0.8268247784339591;0.29008109794135994;0.5010775862068966;0.36744369814302646;0.19439048081593005
RandomForestClassifier;0.8451918406993686;0.4802784619594964;0.8822311452215013;0.8451918406993686;0.8596866714819736;0.3818924438393465;0.6045258620689655;0.46808510638297873;0.15480815930063138
SVC;0.8478630403108305;0.4663553639846745;0.8806312881377015;0.8478630403108305;0.8609714018422514;0.3848334514528703;0.5851293103448276;0.4643009833262078;0.1521369596891695
KNeighborsClassifier;0.8495628946090336;0.22367610837438434;0.8459115198254854;0.8495628946090336;0.8476991553400797;0.322690992018244;0.30495689655172414;0.3135734072022161;0.1504371053909665
XGBClassifier;0.833778533268577;0.4852900930487136;0.881604129985069;0.833778533268577;0.8518838026226804;0.3622735790131168;0.625;0.4586793198892843;0.16622146673142302
