Model;ACC;AUC;PRECISION_ALL;RECALL_ALL;F1_ALL;PRECISION_1;RECALL_1;F1_1;MAE
LogisticRegression;0.8314715881495872;0.4676382047071703;0.8787584695763813;0.8314715881495872;0.8495908914590138;0.35516372795969775;0.6077586206896551;0.4483306836248013;0.1685284118504128
DecisionTreeClassifier;0.8406993686255464;0.2334428024083195;0.8454193929720716;0.8406993686255464;0.8430040753961187;0.3064516129032258;0.3275862068965517;0.31666666666666665;0.1593006313744536
RandomForestClassifier;0.8788246721709567;0.3253284072249589;0.870528062432403;0.8788246721709567;0.8742509180141957;0.45524296675191817;0.38362068965517243;0.41637426900584795;0.12117532782904322
SVC;0.8491986401165614;0.4603345648604269;0.8799871549432652;0.8491986401165614;0.8616418970098818;0.3865606936416185;0.5765086206896551;0.46280276816609;0.15080135988343857
KNeighborsClassifier;0.7639630888780962;0.33511220580186096;0.8548173305656305;0.7639630888780962;0.798213062470653;0.2490118577075099;0.5431034482758621;0.3414634146341463;0.23603691112190384
XGBClassifier;0.8335356969402623;0.4746681718664476;0.8800097607807542;0.8335356969402623;0.8513054782034263;0.35989879822896903;0.6131465517241379;0.4535671582303707;0.16646430305973775
